[
    {
        "name": "Turtle Rock",
        "category": "Rivers",
        "city": "Twentynine Palms",
        "state": "California",
        "id": 1001,
        "isFeatured": true,
        "isFavorite": true,
        "park": "Joshua Tree National Park",
        "coordinates": {
            "longitude": -116.166868,
            "latitude": 34.011286
        },
        "description": "Suscipit inceptos est felis purus aenean aliquet adipiscing diam venenatis, augue nibh duis neque aliquam tellus condimentum sagittis vivamus, cras ante etiam sit conubia elit tempus accumsan libero, mattis per erat habitasse cubilia ligula penatibus curae. Sagittis lorem augue arcu blandit libero molestie non ullamcorper, finibus imperdiet iaculis ad quam per luctus neque, ligula curae mauris parturient diam auctor eleifend laoreet ridiculus, hendrerit adipiscing sociosqu pretium nec velit aliquam. Inceptos egestas maecenas imperdiet eget id donec nisl curae congue, massa tortor vivamus ridiculus integer porta ultrices venenatis aliquet, curabitur et posuere blandit magnis dictum auctor lacinia, eleifend dolor in ornare vulputate ipsum morbi felis. Faucibus cursus malesuada orci ultrices diam nisl taciti torquent, tempor eros suspendisse euismod condimentum dis velit mi tristique, a quis etiam dignissim dictum porttitor lobortis ad fermentum, sapien consectetur dui dolor purus elit pharetra. Interdum mattis sapien ac orci vestibulum vulputate laoreet proin hac, maecenas mollis ridiculus morbi praesent cubilia vitae ligula vel, sem semper volutpat curae mauris justo nisl luctus, non eros primis ultrices nascetur erat varius integer.",
        "imageName": "images/turtlerock@2x.jpg"
    },
    {
        "name": "Silver Salmon Creek",
        "category": "Lakes",
        "city": "Port Alsworth",
        "state": "Alaska",
        "id": 1002,
        "isFeatured": false,
        "isFavorite": false,
        "park": "Lake Clark National Park and Preserve",
        "coordinates": {
            "longitude": -152.665167,
            "latitude": 59.980167
        },
        "description": "Suscipit inceptos est felis purus aenean aliquet adipiscing diam venenatis, augue nibh duis neque aliquam tellus condimentum sagittis vivamus, cras ante etiam sit conubia elit tempus accumsan libero, mattis per erat habitasse cubilia ligula penatibus curae. Sagittis lorem augue arcu blandit libero molestie non ullamcorper, finibus imperdiet iaculis ad quam per luctus neque, ligula curae mauris parturient diam auctor eleifend laoreet ridiculus, hendrerit adipiscing sociosqu pretium nec velit aliquam. Inceptos egestas maecenas imperdiet eget id donec nisl curae congue, massa tortor vivamus ridiculus integer porta ultrices venenatis aliquet, curabitur et posuere blandit magnis dictum auctor lacinia, eleifend dolor in ornare vulputate ipsum morbi felis. Faucibus cursus malesuada orci ultrices diam nisl taciti torquent, tempor eros suspendisse euismod condimentum dis velit mi tristique, a quis etiam dignissim dictum porttitor lobortis ad fermentum, sapien consectetur dui dolor purus elit pharetra. Interdum mattis sapien ac orci vestibulum vulputate laoreet proin hac, maecenas mollis ridiculus morbi praesent cubilia vitae ligula vel, sem semper volutpat curae mauris justo nisl luctus, non eros primis ultrices nascetur erat varius integer.",
        "imageName": "images/silversalmoncreek@2x.jpg"
    },
    {
        "name": "Chilkoot Trail",
        "category": "Mountains",
        "city": "Skagway",
        "state": "Alaska",
        "id": 1003,
        "isFeatured": false,
        "isFavorite": true,
        "park": "Klondike Gold Rush National Historical Park",
        "coordinates": {
            "longitude": -135.334571,
            "latitude": 59.560551
        },
        "description": "Suscipit inceptos est felis purus aenean aliquet adipiscing diam venenatis, augue nibh duis neque aliquam tellus condimentum sagittis vivamus, cras ante etiam sit conubia elit tempus accumsan libero, mattis per erat habitasse cubilia ligula penatibus curae. Sagittis lorem augue arcu blandit libero molestie non ullamcorper, finibus imperdiet iaculis ad quam per luctus neque, ligula curae mauris parturient diam auctor eleifend laoreet ridiculus, hendrerit adipiscing sociosqu pretium nec velit aliquam. Inceptos egestas maecenas imperdiet eget id donec nisl curae congue, massa tortor vivamus ridiculus integer porta ultrices venenatis aliquet, curabitur et posuere blandit magnis dictum auctor lacinia, eleifend dolor in ornare vulputate ipsum morbi felis. Faucibus cursus malesuada orci ultrices diam nisl taciti torquent, tempor eros suspendisse euismod condimentum dis velit mi tristique, a quis etiam dignissim dictum porttitor lobortis ad fermentum, sapien consectetur dui dolor purus elit pharetra. Interdum mattis sapien ac orci vestibulum vulputate laoreet proin hac, maecenas mollis ridiculus morbi praesent cubilia vitae ligula vel, sem semper volutpat curae mauris justo nisl luctus, non eros primis ultrices nascetur erat varius integer.",
        "imageName": "images/chilkoottrail@2x.jpg"
    },
    {
        "name": "St. Mary Lake",
        "category": "Lakes",
        "city": "Browning",
        "state": "Montana",
        "id": 1004,
        "isFeatured": true,
        "isFavorite": true,
        "park": "Glacier National Park",
        "coordinates": {
            "longitude": -113.536248,
            "latitude": 48.69423
        },
        "description": "Suscipit inceptos est felis purus aenean aliquet adipiscing diam venenatis, augue nibh duis neque aliquam tellus condimentum sagittis vivamus, cras ante etiam sit conubia elit tempus accumsan libero, mattis per erat habitasse cubilia ligula penatibus curae. Sagittis lorem augue arcu blandit libero molestie non ullamcorper, finibus imperdiet iaculis ad quam per luctus neque, ligula curae mauris parturient diam auctor eleifend laoreet ridiculus, hendrerit adipiscing sociosqu pretium nec velit aliquam. Inceptos egestas maecenas imperdiet eget id donec nisl curae congue, massa tortor vivamus ridiculus integer porta ultrices venenatis aliquet, curabitur et posuere blandit magnis dictum auctor lacinia, eleifend dolor in ornare vulputate ipsum morbi felis. Faucibus cursus malesuada orci ultrices diam nisl taciti torquent, tempor eros suspendisse euismod condimentum dis velit mi tristique, a quis etiam dignissim dictum porttitor lobortis ad fermentum, sapien consectetur dui dolor purus elit pharetra. Interdum mattis sapien ac orci vestibulum vulputate laoreet proin hac, maecenas mollis ridiculus morbi praesent cubilia vitae ligula vel, sem semper volutpat curae mauris justo nisl luctus, non eros primis ultrices nascetur erat varius integer.",
        "imageName": "images/stmarylake@2x.jpg"
    },
    {
        "name": "Twin Lake",
        "category": "Lakes",
        "city": "Twin Lakes",
        "state": "Alaska",
        "id": 1005,
        "isFeatured": false,
        "isFavorite": false,
        "park": "Lake Clark National Park and Preserve",
        "coordinates": {
            "longitude": -153.849883,
            "latitude": 60.641684
        },
        "description": "Suscipit inceptos est felis purus aenean aliquet adipiscing diam venenatis, augue nibh duis neque aliquam tellus condimentum sagittis vivamus, cras ante etiam sit conubia elit tempus accumsan libero, mattis per erat habitasse cubilia ligula penatibus curae. Sagittis lorem augue arcu blandit libero molestie non ullamcorper, finibus imperdiet iaculis ad quam per luctus neque, ligula curae mauris parturient diam auctor eleifend laoreet ridiculus, hendrerit adipiscing sociosqu pretium nec velit aliquam. Inceptos egestas maecenas imperdiet eget id donec nisl curae congue, massa tortor vivamus ridiculus integer porta ultrices venenatis aliquet, curabitur et posuere blandit magnis dictum auctor lacinia, eleifend dolor in ornare vulputate ipsum morbi felis. Faucibus cursus malesuada orci ultrices diam nisl taciti torquent, tempor eros suspendisse euismod condimentum dis velit mi tristique, a quis etiam dignissim dictum porttitor lobortis ad fermentum, sapien consectetur dui dolor purus elit pharetra. Interdum mattis sapien ac orci vestibulum vulputate laoreet proin hac, maecenas mollis ridiculus morbi praesent cubilia vitae ligula vel, sem semper volutpat curae mauris justo nisl luctus, non eros primis ultrices nascetur erat varius integer.",
        "imageName": "images/twinlake@2x.jpg"
    },
    {
        "name": "Lake McDonald",
        "category": "Mountains",
        "city": "West Glacier",
        "state": "Montana",
        "id": 1006,
        "isFeatured": false,
        "isFavorite": false,
        "park": "Glacier National Park",
        "coordinates": {
            "longitude": -113.934831,
            "latitude": 48.56002
        },
        "description": "Suscipit inceptos est felis purus aenean aliquet adipiscing diam venenatis, augue nibh duis neque aliquam tellus condimentum sagittis vivamus, cras ante etiam sit conubia elit tempus accumsan libero, mattis per erat habitasse cubilia ligula penatibus curae. Sagittis lorem augue arcu blandit libero molestie non ullamcorper, finibus imperdiet iaculis ad quam per luctus neque, ligula curae mauris parturient diam auctor eleifend laoreet ridiculus, hendrerit adipiscing sociosqu pretium nec velit aliquam. Inceptos egestas maecenas imperdiet eget id donec nisl curae congue, massa tortor vivamus ridiculus integer porta ultrices venenatis aliquet, curabitur et posuere blandit magnis dictum auctor lacinia, eleifend dolor in ornare vulputate ipsum morbi felis. Faucibus cursus malesuada orci ultrices diam nisl taciti torquent, tempor eros suspendisse euismod condimentum dis velit mi tristique, a quis etiam dignissim dictum porttitor lobortis ad fermentum, sapien consectetur dui dolor purus elit pharetra. Interdum mattis sapien ac orci vestibulum vulputate laoreet proin hac, maecenas mollis ridiculus morbi praesent cubilia vitae ligula vel, sem semper volutpat curae mauris justo nisl luctus, non eros primis ultrices nascetur erat varius integer.",
        "imageName": "images/lakemcdonald@2x.jpg"
    },
    {
        "name": "Charley Rivers",
        "category": "Rivers",
        "city": "Eaking",
        "state": "Alaska",
        "id": 1007,
        "isFeatured": true,
        "isFavorite": false,
        "park": "Charley Rivers National Preserve",
        "coordinates": {
            "longitude": -143.122586,
            "latitude": 65.350021
        },
        "description": "Suscipit inceptos est felis purus aenean aliquet adipiscing diam venenatis, augue nibh duis neque aliquam tellus condimentum sagittis vivamus, cras ante etiam sit conubia elit tempus accumsan libero, mattis per erat habitasse cubilia ligula penatibus curae. Sagittis lorem augue arcu blandit libero molestie non ullamcorper, finibus imperdiet iaculis ad quam per luctus neque, ligula curae mauris parturient diam auctor eleifend laoreet ridiculus, hendrerit adipiscing sociosqu pretium nec velit aliquam. Inceptos egestas maecenas imperdiet eget id donec nisl curae congue, massa tortor vivamus ridiculus integer porta ultrices venenatis aliquet, curabitur et posuere blandit magnis dictum auctor lacinia, eleifend dolor in ornare vulputate ipsum morbi felis. Faucibus cursus malesuada orci ultrices diam nisl taciti torquent, tempor eros suspendisse euismod condimentum dis velit mi tristique, a quis etiam dignissim dictum porttitor lobortis ad fermentum, sapien consectetur dui dolor purus elit pharetra. Interdum mattis sapien ac orci vestibulum vulputate laoreet proin hac, maecenas mollis ridiculus morbi praesent cubilia vitae ligula vel, sem semper volutpat curae mauris justo nisl luctus, non eros primis ultrices nascetur erat varius integer.",
        "imageName": "images/charleyrivers@2x.jpg",
    },
    {
        "name": "Icy Bay",
        "category": "Mountains",
        "city": "Icy Bay",
        "state": "Alaska",
        "id": 1008,
        "isFeatured": false,
        "isFavorite": false,
        "park": "Wrangell-St. Elias National Park and Preserve",
        "coordinates": {
            "longitude": -141.518167,
            "latitude": 60.089917
        },
        "description": "Suscipit inceptos est felis purus aenean aliquet adipiscing diam venenatis, augue nibh duis neque aliquam tellus condimentum sagittis vivamus, cras ante etiam sit conubia elit tempus accumsan libero, mattis per erat habitasse cubilia ligula penatibus curae. Sagittis lorem augue arcu blandit libero molestie non ullamcorper, finibus imperdiet iaculis ad quam per luctus neque, ligula curae mauris parturient diam auctor eleifend laoreet ridiculus, hendrerit adipiscing sociosqu pretium nec velit aliquam. Inceptos egestas maecenas imperdiet eget id donec nisl curae congue, massa tortor vivamus ridiculus integer porta ultrices venenatis aliquet, curabitur et posuere blandit magnis dictum auctor lacinia, eleifend dolor in ornare vulputate ipsum morbi felis. Faucibus cursus malesuada orci ultrices diam nisl taciti torquent, tempor eros suspendisse euismod condimentum dis velit mi tristique, a quis etiam dignissim dictum porttitor lobortis ad fermentum, sapien consectetur dui dolor purus elit pharetra. Interdum mattis sapien ac orci vestibulum vulputate laoreet proin hac, maecenas mollis ridiculus morbi praesent cubilia vitae ligula vel, sem semper volutpat curae mauris justo nisl luctus, non eros primis ultrices nascetur erat varius integer.",
        "imageName": "images/icybay@2x.jpg"
    },
    {
        "name": "Rainbow Lake",
        "category": "Lakes",
        "city": "Willow",
        "state": "Alaska",
        "id": 1009,
        "isFeatured": false,
        "isFavorite": false,
        "park": "State Recreation Area",
        "coordinates": {
            "longitude": -150.086103,
            "latitude": 61.694334
        },
        "description": "Suscipit inceptos est felis purus aenean aliquet adipiscing diam venenatis, augue nibh duis neque aliquam tellus condimentum sagittis vivamus, cras ante etiam sit conubia elit tempus accumsan libero, mattis per erat habitasse cubilia ligula penatibus curae. Sagittis lorem augue arcu blandit libero molestie non ullamcorper, finibus imperdiet iaculis ad quam per luctus neque, ligula curae mauris parturient diam auctor eleifend laoreet ridiculus, hendrerit adipiscing sociosqu pretium nec velit aliquam. Inceptos egestas maecenas imperdiet eget id donec nisl curae congue, massa tortor vivamus ridiculus integer porta ultrices venenatis aliquet, curabitur et posuere blandit magnis dictum auctor lacinia, eleifend dolor in ornare vulputate ipsum morbi felis. Faucibus cursus malesuada orci ultrices diam nisl taciti torquent, tempor eros suspendisse euismod condimentum dis velit mi tristique, a quis etiam dignissim dictum porttitor lobortis ad fermentum, sapien consectetur dui dolor purus elit pharetra. Interdum mattis sapien ac orci vestibulum vulputate laoreet proin hac, maecenas mollis ridiculus morbi praesent cubilia vitae ligula vel, sem semper volutpat curae mauris justo nisl luctus, non eros primis ultrices nascetur erat varius integer.",
        "imageName": "images/rainbowlake@2x.jpg"
    },
    {
        "name": "Hidden Lake",
        "category": "Lakes",
        "city": "Newhalem",
        "state": "Washington",
        "id": 1010,
        "isFeatured": false,
        "isFavorite": false,
        "park": "North Cascades National Park",
        "coordinates": {
            "longitude": -121.17799,
            "latitude": 48.495442
        },
        "description": "Suscipit inceptos est felis purus aenean aliquet adipiscing diam venenatis, augue nibh duis neque aliquam tellus condimentum sagittis vivamus, cras ante etiam sit conubia elit tempus accumsan libero, mattis per erat habitasse cubilia ligula penatibus curae. Sagittis lorem augue arcu blandit libero molestie non ullamcorper, finibus imperdiet iaculis ad quam per luctus neque, ligula curae mauris parturient diam auctor eleifend laoreet ridiculus, hendrerit adipiscing sociosqu pretium nec velit aliquam. Inceptos egestas maecenas imperdiet eget id donec nisl curae congue, massa tortor vivamus ridiculus integer porta ultrices venenatis aliquet, curabitur et posuere blandit magnis dictum auctor lacinia, eleifend dolor in ornare vulputate ipsum morbi felis. Faucibus cursus malesuada orci ultrices diam nisl taciti torquent, tempor eros suspendisse euismod condimentum dis velit mi tristique, a quis etiam dignissim dictum porttitor lobortis ad fermentum, sapien consectetur dui dolor purus elit pharetra. Interdum mattis sapien ac orci vestibulum vulputate laoreet proin hac, maecenas mollis ridiculus morbi praesent cubilia vitae ligula vel, sem semper volutpat curae mauris justo nisl luctus, non eros primis ultrices nascetur erat varius integer.",
        "imageName": "images/hiddenlake@2x.jpg"
    },
    {
        "name": "Chincoteague",
        "category": "Rivers",
        "city": "Chincoteague",
        "state": "Virginia",
        "id": 1011,
        "isFeatured": false,
        "isFavorite": false,
        "park": "Chincoteague National Wildlife Refuge",
        "coordinates": {
            "longitude": -75.383212,
            "latitude": 37.91531
        },
        "description": "Suscipit inceptos est felis purus aenean aliquet adipiscing diam venenatis, augue nibh duis neque aliquam tellus condimentum sagittis vivamus, cras ante etiam sit conubia elit tempus accumsan libero, mattis per erat habitasse cubilia ligula penatibus curae. Sagittis lorem augue arcu blandit libero molestie non ullamcorper, finibus imperdiet iaculis ad quam per luctus neque, ligula curae mauris parturient diam auctor eleifend laoreet ridiculus, hendrerit adipiscing sociosqu pretium nec velit aliquam. Inceptos egestas maecenas imperdiet eget id donec nisl curae congue, massa tortor vivamus ridiculus integer porta ultrices venenatis aliquet, curabitur et posuere blandit magnis dictum auctor lacinia, eleifend dolor in ornare vulputate ipsum morbi felis. Faucibus cursus malesuada orci ultrices diam nisl taciti torquent, tempor eros suspendisse euismod condimentum dis velit mi tristique, a quis etiam dignissim dictum porttitor lobortis ad fermentum, sapien consectetur dui dolor purus elit pharetra. Interdum mattis sapien ac orci vestibulum vulputate laoreet proin hac, maecenas mollis ridiculus morbi praesent cubilia vitae ligula vel, sem semper volutpat curae mauris justo nisl luctus, non eros primis ultrices nascetur erat varius integer.",
        "imageName": "images/chincoteague@2x.jpg"
    },
    {
        "name": "Lake Umbagog",
        "category": "Lakes",
        "city": "Errol",
        "state": "New Hampshire",
        "id": 1012,
        "isFeatured": false,
        "isFavorite": false,
        "park": "Umbagog National Wildlife Refuge",
        "coordinates": {
            "longitude": -71.056816,
            "latitude": 44.747408
        },
        "description": "Suscipit inceptos est felis purus aenean aliquet adipiscing diam venenatis, augue nibh duis neque aliquam tellus condimentum sagittis vivamus, cras ante etiam sit conubia elit tempus accumsan libero, mattis per erat habitasse cubilia ligula penatibus curae. Sagittis lorem augue arcu blandit libero molestie non ullamcorper, finibus imperdiet iaculis ad quam per luctus neque, ligula curae mauris parturient diam auctor eleifend laoreet ridiculus, hendrerit adipiscing sociosqu pretium nec velit aliquam. Inceptos egestas maecenas imperdiet eget id donec nisl curae congue, massa tortor vivamus ridiculus integer porta ultrices venenatis aliquet, curabitur et posuere blandit magnis dictum auctor lacinia, eleifend dolor in ornare vulputate ipsum morbi felis. Faucibus cursus malesuada orci ultrices diam nisl taciti torquent, tempor eros suspendisse euismod condimentum dis velit mi tristique, a quis etiam dignissim dictum porttitor lobortis ad fermentum, sapien consectetur dui dolor purus elit pharetra. Interdum mattis sapien ac orci vestibulum vulputate laoreet proin hac, maecenas mollis ridiculus morbi praesent cubilia vitae ligula vel, sem semper volutpat curae mauris justo nisl luctus, non eros primis ultrices nascetur erat varius integer.",
        "imageName": "images/umbagog@2x.jpg"
    }
]
