{
	"sass": "/* Switch */\r\n.small {\r\n\r\n&.iOS7Switch {\r\n  border: 1px solid #b3b3b3;\r\n  border-radius: 19px;\r\n  height: 33px;\r\n\r\n  padding: 0px;\r\n  margin: 8px 2px;\r\n  cursor: default; }\r\n\r\n.iOS7SwitchOn {\r\n  color: #ffffff;\r\n  background: #4bd762;\r\n  border-color: #4bd762; }\r\n\r\n.iOS7SwitchLeft {\r\n  padding: 8px;\r\n  padding-right: 29px;\r\n  text-align: center;\r\n  box-sizing: border-box;\r\n  -moz-box-sizing: border-box;\r\n  -ms-box-sizing: border-box;\r\n  -webkit-box-sizing: border-box; }\r\n\r\n.iOS7SwitchRight {\r\n  padding: 8px;\r\n  padding-left: 29px;\r\n  text-align: center;\r\n  box-sizing: border-box;\r\n  -moz-box-sizing: border-box;\r\n  -ms-box-sizing: border-box;\r\n  -webkit-box-sizing: border-box; }\r\n\r\n.iOS7SwitchInner {\r\n  margin: 0px 18px;\r\n  margin-right: 15px; }\r\n\r\n.iOS7SwitchButton {\r\n  height: 29px;\r\n  width: 29px;\r\n  background: #ffffff;\r\n  border: 1px solid #d9d9d9;\r\n  border-radius: 17px;\r\n  margin-left: -17px;\r\n  box-shadow: 0px 3px 3px #b3b3b3;\r\n  -moz-box-shadow: 0px 3px 3px #b3b3b3;\r\n  -webkit-box-shadow: 0px 3px 3px #b3b3b3; }\r\n\r\n.iOS7SwitchOn .iOS7SwitchButton {\r\n  box-shadow: 0px 3px 3px #197027;\r\n  -moz-box-shadow: 0px 3px 3px #197027;\r\n  -webkit-box-shadow: 0px 3px 3px #197027; }\r\n\r\n}",
	"variables": [],
	"js": "A5.themes.add('iOS7',{switch: {small: {className: 'iOS7Switch small',onClassName: 'iOS7SwitchOn',offClassName: 'iOS7SwitchOff',innerClassName: 'iOS7SwitchInner',rightClassName: 'iOS7SwitchRight',leftClassName: 'iOS7SwitchLeft',buttonClassName: 'iOS7SwitchButton',flow: 'ltr',disabledClassName: ''}}});",
	"subthemes": {
		"switch": {
			"small": {
				"className": "iOS7Switch small",
				"onClassName": "iOS7SwitchOn",
				"offClassName": "iOS7SwitchOff",
				"innerClassName": "iOS7SwitchInner",
				"rightClassName": "iOS7SwitchRight",
				"leftClassName": "iOS7SwitchLeft",
				"buttonClassName": "iOS7SwitchButton",
				"flow": "ltr",
				"disabledClassName": ""
			}
		}
	}
}